Damn Good Woman;2021-02-12
TRILOGIN;2021-02-10
Heaven;2021-02-08
Buss It (feat. Travis Scott);2021-02-11
SCENER;2021-02-12
Marken vid min v√§g;2021-02-12
TYRON;2021-02-12
EDNA (Deluxe);2021-02-12
I'm Alive;2021-02-12
Judas and the Black Messiah: The Inspired Album;2021-02-12
Om du fanns;2021-02-12
Johnny The Rucker (Remode);2021-02-12
Mer som du;2021-02-12
200 Zips;2021-02-06
Table For Two;2021-02-12
Jag vill ha;2021-02-10
Missing Out;2021-02-12
Hello;2021-02-12
Calling My Phone;2021-02-12
PAIN;2021-02-12
